File Name,Web Address
RadioOccupancyHeight.mp4,https://drive.google.com/file/d/1vtbe0FqMYnLB00UAUXueYRjXgnoRjDO2/view?usp=drivesdk
MainMenu.mp4,https://drive.google.com/file/d/1yc62DdIdFXxOvEm9G-MaiksqpK7kAJKw/view?usp=drivesdk
HandsetViewAlerts.mp4,https://drive.google.com/file/d/1uj1jRWjh7nEIOPbhjqlM-4hXVElLS0h7/view?usp=drivesdk
HandsetPrivacy.mp4,https://drive.google.com/file/d/1NpEuvroVYkitwrYpE8NXg7TGzG1jRUYt/view?usp=drivesdk
HandsetPhoneTag.mp4,https://drive.google.com/file/d/1r7IfzDtuuJYhb_Qr40DiXcGo8zlWSifo/view?usp=drivesdk
HandsetMenu.mp4,https://drive.google.com/file/d/16tSgT37VTQPKuuSmC-dUFjq7cdsD8ndG/view?usp=drivesdk
HandsetContacts.mp4,https://drive.google.com/file/d/1N8tf9XtNj62S2IIs9fiydQ1_u63PgrCU/view?usp=drivesdk
HandsetCardTag.mp4,https://drive.google.com/file/d/1v04J8SWWuV1q4JGv35MtnRi8WV9c3rUW/view?usp=drivesdk
FDC_Team.mp4,https://drive.google.com/file/d/1S5gFDN4bj-4DXQGhmCpurW5JBOpiKY9W/view?usp=drivesdk
FDC_Privacy.mp4,https://drive.google.com/file/d/1llr6uAycFOh21sFvmftBQoiFozZp6o_U/view?usp=drivesdk
FDC_PhoneTag.mp4,https://drive.google.com/file/d/1VYbrjFA98tjsEctuXbeBlzsXC3wy--X8/view?usp=drivesdk
FDC_DeskHeight.mp4,https://drive.google.com/file/d/15F1bAlQq18So9ZdJtKmdeVUUQ82s6U1W/view?usp=drivesdk
FDC_CardTag.mp4,https://drive.google.com/file/d/1vwdtHK0qnziyi8PevOgBTM2hO4Rjtsap/view?usp=drivesdk
FDC_Alerts.mp4,https://drive.google.com/file/d/1A_Igo2uuZHa5t9v1Ia5en3MTSQLmmoGQ/view?usp=drivesdk
AppSitStand.mp4,https://drive.google.com/file/d/1AXAQcvkMGO99t22oPDOytZNsZO0VUEWU/view?usp=drivesdk
FullOverview.mp4,https://drive.google.com/file/d/1VyRMebjVoYSseIK6TJF8zbJZQXrNEB-Y/view?usp=drivesdk
